Company,Domain,Why
1stmainpartners.com,1stmainpartners.com,Thin / JS-only site
313 Capital,313cap.com,Thin / JS-only site
3 Percent Dental,3percentdental.com,Blocked by bot protection
5th stream Realty,5thstream.com,Thin / JS-only site
8150 Advisors,8150advisors.com,Thin / JS-only site
Alvarez & Marsal Capital,a-mcapital.com,Blocked by bot protection
"Aaron, Bell International, Inc.",aaron-bell.com,Thin / JS-only site
American Business Brokers,abbrokers.com,Thin / JS-only site
"ABC Advocates Business Consultants, Inc.",abcbiz.biz,Thin / JS-only site
Accel Exit Advisors,accelexit.com,Thin / JS-only site
Accurent,accurentventures.com,Thin / JS-only site
Ace Business Brokers,acebusinessbrokers.com,Thin / JS-only site
ACME Strategy,acmestrategy.com,Blocked by bot protection
acqadv.com,acqadv.com,Thin / JS-only site
Acquest International,acquestinternational.com,Thin / JS-only site
Acquire Business Brokers,acquirebusinessbrokers.com,Thin / JS-only site
AcquiSell,acquisell.com,Thin / JS-only site
"Action Realty Task, Inc.",actionrealtytaskinc.com,Thin / JS-only site
Laundromats Unfiltered,acunninghament.com,Thin / JS-only site
Adage Capital Management,adagecapital.com,Blocked by bot protection
advancedbusinessadvisorsllc.com,advancedbusinessadvisorsllc.com,Blocked by bot protection
advancedhays.com,advancedhays.com,Thin / JS-only site
Advantage Alpha Capital,advantagealpha.com,Thin / JS-only site
AdvantEdge Advisors,advantedgeadvisors.com,Thin / JS-only site
advocapco.com,advocapco.com,Thin / JS-only site
advocateadvisorsllc.com,advocateadvisorsllc.com,Thin / JS-only site
Advocate Capital Advisors,advocatecapitaladvisors.com,Thin / JS-only site
aegiscap.com,aegiscap.com,Blocked by bot protection
"Aesthetic Growth Partners, Inc.",aestheticgrowthpartners.com,Thin / JS-only site
afol.com.na,afol.com.na,Thin / JS-only site
agentphil.com,agentphil.com,Thin / JS-only site
Agile Equity,agileequity.com,Thin / JS-only site
AGRA Capital,agracapital.com,Thin / JS-only site
Agribusiness Brokers,agribusinessbrokers.com,Thin / JS-only site
Ascend Healthcare Advisors,ahatransactions.com,Thin / JS-only site
akgoodwin.com,akgoodwin.com,Blocked by bot protection
Alex Brown,alexbrownbranches.com,Thin / JS-only site
allalertalarm.com,allalertalarm.com,Thin / JS-only site
"Alliance Business Brokers, LLC",allbizbrokers.com,Thin / JS-only site
alliantbroker.com,alliantbroker.com,Thin / JS-only site
Alliant Capital Advisors LLC,alliantbrokers.com,Thin / JS-only site
allianthsv.com,allianthsv.com,Thin / JS-only site
Alpine Global Capital,alpineglobalcapital.com,Thin / JS-only site
Alternative Capital Partners,altcapitalpartners.com,Thin / JS-only site
Amaris Mergers & Acquisitions,amaris-usa.com,Thin / JS-only site
Ambassador Consulting Solutions,ambassadorconsultingsolutions.com,Blocked by bot protection
ambassadorcs.group,ambassadorcs.group,Thin / JS-only site
Americana Realty Group,americanarealtygroup.com,Thin / JS-only site
DocuGen,amivaplus.com,Blocked by bot protection
GC Andersen Partners,andersenllc.com,Thin / JS-only site
apg.world,apg.world,Thin / JS-only site
Alliant Partners,apib.com,Thin / JS-only site
Aptus Exchange LLC,aptusexchange.com,Thin / JS-only site
Arbor Capital LLC,arboradvisors.com,Thin / JS-only site
Arch Global Advisor,archga.com,Blocked by bot protection
Arizona Medical Practice Brokers,arizonamedicalbrokers.com,Thin / JS-only site
armennazarianbusinessbrokers.ccsend.com,armennazarianbusinessbrokers.ccsend.com,Blocked by bot protection
New Dream,arreaza.com,Thin / JS-only site
asaventurego.com,asaventurego.com,Thin / JS-only site
ASCs Inc.,ascs-inc.com,Thin / JS-only site
Astor Walker Company,astorwalkerco.com,Thin / JS-only site
Atairos,atairos.com,Blocked by bot protection
Athenian Partners,athenianpartners.com,Thin / JS-only site
Atlanta Communities,atlantacommunities.net,Blocked by bot protection
Atlanticus Advisors,atlanticusadvisors.com,Thin / JS-only site
Atlanta Communities,atlcommunities.com,Blocked by bot protection
Augeo Advisors,augeoadvisors.com,Thin / JS-only site
Augr,augrinc.com,Thin / JS-only site
"Auria Capital, Inc.",auriacap.com,Thin / JS-only site
Aurora Capital,auroracapital.com,Thin / JS-only site
Authentic Business Broker,authenticbusinessbroker.com,Thin / JS-only site
Auxano Capital,auxanocapital.com,Thin / JS-only site
avalongrowth.com,avalongrowth.com,Thin / JS-only site
Avant Advisory Group,avantadvisory.com,Thin / JS-only site
"Axios Ventures, LLC",axiosadv.com,Thin / JS-only site
Axis Financial LLC,axisfinancial.us,Thin / JS-only site
B2B Business Brokers,b2bbusinessbrokers.com,Thin / JS-only site
B3 Business Brokers,b3businessbrokers.com,Thin / JS-only site
Business Acquisition Advisors,baallc.biz,Thin / JS-only site
Bailey Southwell & Co,baileysouthwell.com,Blocked by bot protection
bain.com,bain.com,Blocked by bot protection
baldwin-capital.com,baldwin-capital.com,Blocked by bot protection
"Bamyou, Inc.",bamyou.com,Thin / JS-only site
"Bancroft Capital, LLC",bancroft4vets.com,Blocked by bot protection
Barall Capital,barallcapital.com,Thin / JS-only site
Bardell Real Estate,bardellrealestate.com,Blocked by bot protection
Barr Enterprises,barrenterprises.com,Thin / JS-only site
BasePoint Capital,basepoint-advisors.com,Thin / JS-only site
"Bateson Business Brokerage, Inc.",batesonbrokerage.com,Thin / JS-only site
Baybizbroker,baybizbroker.com,Blocked by bot protection
BayCoast Advisors,baycoastadvisors.com,Thin / JS-only site
Bayside Business Brokers,baysidebusinessbrokers.com,Thin / JS-only site
BayState Business Brokers,baystatebusinessbrokers.com,Thin / JS-only site
BBF,bbms.info,Thin / JS-only site
bbsfla.com,bbsfla.com,Thin / JS-only site
BC Business Brokers,bcbusinessbrokersinc.com,Thin / JS-only site
BCC Capital Partners,bcccapital.com,Thin / JS-only site
bcvcommercial.com,bcvcommercial.com,Thin / JS-only site
BCV Commercial Realty LLC,bcvcommercialrealty.com,Thin / JS-only site
BDO Canada,bdo.ca,Blocked by bot protection
The Belay Group,belaygroup.com,Thin / JS-only site
"The Benchmark Company, LLC",benchmarkcompany.com,Blocked by bot protection
Berkowitz Acquisitions,berkbiz.com,Thin / JS-only site
Beverly & Company,beverlycompany.com,Blocked by bot protection
bhhsflpg.com,bhhsflpg.com,Blocked by bot protection
bhhspro.com,bhhspro.com,Blocked by bot protection
"Bic Enterprises, Inc.",bicenterprises.com,Thin / JS-only site
BiggsKofford,biggskofford.com,Thin / JS-only site
Bisbroker,bisbroker.com,Thin / JS-only site
Bison Business,bisonbusiness.com,Blocked by bot protection
BizDepot,biz-depot.co,Thin / JS-only site
Bizmatch,biz-match.com,Thin / JS-only site
BizBroker24,bizbroker24.com,Thin / JS-only site
Collins & Collins Investments,bizbrokersfl.com,Blocked by bot protection
Venture Opportunities,bizdealmaker.com,Thin / JS-only site
Business Transfer Specialists,biztsfr.com,Thin / JS-only site
"Black Point Partners, Inc.",blackpp.com,Thin / JS-only site
Black Ridge Capital,blackridgecapital.org,Thin / JS-only site
Blue Ridge Brokerage,blueridgebrokerage.com,Thin / JS-only site
blueriverteam.com,blueriverteam.com,Thin / JS-only site
Bluestem Resources Group,bluestemusa.com,Thin / JS-only site
Brandywine Mergers & Acquisitions,bma1.com,Thin / JS-only site
Boson Capital,boson-capital.com,Thin / JS-only site
Botticelli Capital Partners,botticellicp.com,Thin / JS-only site
Boundary Creek Advisors,boundarycreek.com,Thin / JS-only site
brassner.com,brassner.com,Thin / JS-only site
Business Resource Center,brcslc.com,Blocked by bot protection
Brean Capital,breancapital.com,Thin / JS-only site
Breathermae,breathermae.com,Thin / JS-only site
Brentmoor Capital Group LLC,brentmoorcap.com,Thin / JS-only site
brentmoorlaw.com,brentmoorlaw.com,Thin / JS-only site
Brentwood Growth,brentwood-growth.com,Thin / JS-only site
brentwoodgrowth.com,brentwoodgrowth.com,Thin / JS-only site
Bridgefield Capital,bridgefieldcapital.com,Thin / JS-only site
Bristol Group,bristol.group,Blocked by bot protection
bristolgrouponline.com,bristolgrouponline.com,Blocked by bot protection
Brite Capital Consulting,britecapitalgroup.com,Thin / JS-only site
Brittney Sells Businesses,brittneysellsbusinesses.com,Thin / JS-only site
Broker Summaries,brokersummaries.com,Thin / JS-only site
brucev.com,brucev.com,Thin / JS-only site
Bruml Capital Corporation,brumlcapital.com,Blocked by bot protection
BSG Tire Recycling,bsgtires.com,Thin / JS-only site
btinternet.com,btinternet.com,Thin / JS-only site
Rich Buckley Realty,buckleyrealty.com,Thin / JS-only site
Budget Business Brokers and Intercap USA,budgetbusinessbrokers.com,Thin / JS-only site
burgert.com,burgert.com,Thin / JS-only site
Business Acquisitions,businessacquisition.com,Blocked by bot protection
Business Broker Colorado,businessbrokercolorado.com,Thin / JS-only site
Business Bulldog Brands,businessbulldog.com,Thin / JS-only site
M&A Vault,businessforsale.com,Thin / JS-only site
Business Succession Group,businesssuccessiongroup.com,Thin / JS-only site
bv-us.com,bv-us.com,Blocked by bot protection
bvcp.ru,bvcp.ru,Thin / JS-only site
BXS Insurance,bxs.com,Thin / JS-only site
Cadian Capital,cadiancap.com,Blocked by bot protection
Cadigan Capital,cadigancapital.com,Thin / JS-only site
calder.com,calder.com,Thin / JS-only site
Calex Partners,calexpartners.com,Thin / JS-only site
California Business Brokers,californiabusinessbrokers.com,Thin / JS-only site
cantor.com,cantor.com,Thin / JS-only site
CapM,cap-m.com,Thin / JS-only site
capbizcollective.com,capbizcollective.com,Thin / JS-only site
Capital Alignment Partners,capfunds.com,Thin / JS-only site
Capital Business Brokerage,capitalbusinessbrokerage.biz,Thin / JS-only site
Capital Connect,capitalconnectus.com,Thin / JS-only site
Capital Link,capitallink.co.th,Thin / JS-only site
Capital Value Advisors,capitalvalue.net,Thin / JS-only site
CapStream Group,capstreamgroup.com,Thin / JS-only site
Captyx,captyx.com,Thin / JS-only site
"Carillon Capital, LLC",carilloncapital.com,Thin / JS-only site
"Carman Law Firm, PA",carmanlegal.com,Thin / JS-only site
Cascade Partners,cascade-partners.com,Thin / JS-only site
Catapult Advisory Group,catapultadvisorygroup.com,Thin / JS-only site
Cato Advisors,catoadvisors.com,Thin / JS-only site
Coastal Business Brokers,cbbroker.com,Blocked by bot protection
Capital Business Broker,cbbva.com,Thin / JS-only site
Coldwell Banker Commercial Valley Realty,cbcvalleyrealty.com,Blocked by bot protection
CBRE,cbre.com,Blocked by bot protection
CBS World,cbsworldwide.com,Thin / JS-only site
"Commercial Capital & Business Solutions, Inc.",ccbsolutions.com,Thin / JS-only site
cccleaningmaintenance.com,cccleaningmaintenance.com,Thin / JS-only site
CEA Group,ceaworldwide.com,Thin / JS-only site
Central Coast Business Brokers,centralcoastbrokers.com,Thin / JS-only site
centrallock.com,centrallock.com,Thin / JS-only site
Century Mergers & Acquisitions LLC,centurymergersandacquisitions.com,Thin / JS-only site
CEO Life,ceo.life,Thin / JS-only site
ControlledEnviro,cesweb.com,Thin / JS-only site
Cetane Associates,cetane.com,Blocked by bot protection
CFI Advisory Service,cfiadvisoryservices.com,Thin / JS-only site
Chenmark,chenmark.com,Thin / JS-only site
Chesky Partners,cheskypartners.com,Thin / JS-only site
"Chessiecap, Inc.",chessiecap.com,Thin / JS-only site
Chess Law Firm,chesslawfirm.com,Thin / JS-only site
Bowstring Advisors,childsadvisorypartners.com,Thin / JS-only site
Ciena,ciena.com,Blocked by bot protection
CIM Room,cimroom.com,Thin / JS-only site
citylock.com,citylock.com,Thin / JS-only site
Class VI Partners,classvipartners.com,Thin / JS-only site
clearbridge.com,clearbridge.com,Thin / JS-only site
"ClearCap Strategic Advisors, LLC",clearcapadvisors.com,Blocked by bot protection
ClearingBid,clearingbid.com,Thin / JS-only site
clearlake.com,clearlake.com,Blocked by bot protection
Coastline Wealth Management,coastlinewealth.com,Blocked by bot protection
Coddington Consulting,coddingtonconsulting.com,Thin / JS-only site
Cogent Growth Partners,cogentmergers.com,Thin / JS-only site
Coker & Palmer,cokerpalmer.com,Thin / JS-only site
Colliers,colliers.com,Blocked by bot protection
Colonial Business Brokerage,colonialbb.com,Thin / JS-only site
commercialrealestatecolorado.com,commercialrealestatecolorado.com,Blocked by bot protection
Company Broker Group and Colorado Business Brokers,companybroker.com,Thin / JS-only site
Compass International Advisors,compassintladv.com,Blocked by bot protection
"Comprehensive Business Brokers, LLC",compbb.com,Thin / JS-only site
"Concentra Capital Group, LLC",concentra.com,Blocked by bot protection
"International Resource Group, Inc",confidentialsale.com,Thin / JS-only site
Conquer Change Coaching,conquerchangecoach.com,Thin / JS-only site
Continuum Capital,continuumcapital.net,Thin / JS-only site
"Cornerstone Business Services, Inc.",cornerstone-business.com,Thin / JS-only site
Cornerstone Dental Transitions,cornerstonedt.com,Thin / JS-only site
Cornerstone Realty Group,cornerstonereal.com,Thin / JS-only site
countysouth.biz,countysouth.biz,Thin / JS-only site
coveview.com,coveview.com,Blocked by bot protection
Coy Capital Management,coycapital.com,Blocked by bot protection
creedventurepartners.com,creedventurepartners.com,Thin / JS-only site
Crestone Advisors,crestone-advisors.com,Thin / JS-only site
Crestone Business Group,crestonebusinessgroup.com,Thin / JS-only site
"Crossroads Business Advisors, LLC",crossroads-businessadvisors.com,Thin / JS-only site
Crossroads Advisors,crossroadsadvisors.com,Thin / JS-only site
Crowne Atlantic Business Brokers,crowneatlantic.com,Thin / JS-only site
Capital Research Partners & Co,crpco.com,Thin / JS-only site
"CS Capital Advisors, LLC",cscapitaladvisors.com,Thin / JS-only site
ctbroker.com,ctbroker.com,Blocked by bot protection
CTH Advisors,cth-advisors.com,Blocked by bot protection
cvbt.com,cvbt.com,Blocked by bot protection
CyberNova Equity Partners,cybernovaequity.com,Thin / JS-only site
The Cypress Group,cypressgroup.biz,Thin / JS-only site
D5 Capital Advisors,d5capadvisors.com,Thin / JS-only site
Davidson Investment Banking,dadavidson.com,Blocked by bot protection
Dakin Business Group,dakinbusinessgroup.com,Blocked by bot protection
Dakota Wealth Management,dakotawm.com,Thin / JS-only site
Dealer Direct Advisory,dealerdirectadvisory.com,Thin / JS-only site
Dealer Direct Canada,dealerdirectcanada.com,Thin / JS-only site
Dealflow Partner,dealflowpartner.com,Thin / JS-only site
"DealSource Partners, LLC",dealsource.com,Thin / JS-only site
Dealversity,dealversity.co,Thin / JS-only site
ASG Business Brokers,denverbusinessbroker.net,Thin / JS-only site
Desai Capital Management,desai-capital.com,Thin / JS-only site
D&S Business Brokers LLC,desertbusinessbrokers.com,Thin / JS-only site
DGZ Associates,dgzassociates.com,Thin / JS-only site
dilibertorealestate.com,dilibertorealestate.com,Thin / JS-only site
DMC Advisors,dmca.la,Thin / JS-only site
"Donald Capital, LLC",donaldcapital-ny.com,Thin / JS-only site
donnarayburncpa.com,donnarayburncpa.com,Thin / JS-only site
Double 13,double13llc.com,Thin / JS-only site
"Douglas Group, Inc.",douglasgroup.net,Thin / JS-only site
downstreamenergypartners.com,downstreamenergypartners.com,Thin / JS-only site
Draycott Holdings,draycottholdings.com,Thin / JS-only site
Dr. Bryant Business Brokerage & Advisory Powered by eXp Commercial,drjamibryant.com,Thin / JS-only site
Drummond Advisors,drummondadvisors.com,Thin / JS-only site
DWS Group,dws.com,Thin / JS-only site
Dynasty Financial Partners,dynastyinvestmentbank.com,Thin / JS-only site
e-bitda LLC,e-bitda.com,Thin / JS-only site
EAG Americas Corp,eagacorp.com,Thin / JS-only site
"Eagle Pointe Capital, LLC",eaglepointecapital.com,Thin / JS-only site
Earned Exits,earnedexits.com,Thin / JS-only site
EastWind Business Solutions Inc.,eastwindinc.ca,Thin / JS-only site
EC M&A,ec-ma.com,Thin / JS-only site
ECHELON Partners,echelon-partners.com,Blocked by bot protection
Ed Gonzales,edgonzales.net,Thin / JS-only site
eicfunds.com,eicfunds.com,Thin / JS-only site
eiliant.com,eiliant.com,Thin / JS-only site
Eir Partners,eirpartners.com,Thin / JS-only site
Elkin & Lee Realty & Business Advisor,elbrokerage.com,Thin / JS-only site
Element Asia Capital,elementasiacapital.com,Thin / JS-only site
EM USA,em-usa.com,Thin / JS-only site
Emanay,emanay.io,Thin / JS-only site
Emerald Horizon Capital,emeraldhorizoncapital.com,Thin / JS-only site
Emerson Drew,emersondrew.com,Thin / JS-only site
Empire Advisory Group,empireadvisorygroup.com,Thin / JS-only site
Empire Business Management,empirebusiness.com,Thin / JS-only site
Empire Investment Bank,empireinvestmentbank.com,Thin / JS-only site
Encompass Advisory Group,encompassadvisorygroup.com,Thin / JS-only site
encorebusinessbrokers.com,encorebusinessbrokers.com,Thin / JS-only site
EIC Funds,energyinnovationcapital.com,Thin / JS-only site
enginuity.com,enginuity.com,Thin / JS-only site
Enlign Business Advisors,enlign.com,Blocked by bot protection
EPOCH Pi,epochpi.com,Thin / JS-only site
eQcho Capital,eqcho.com,Blocked by bot protection
"Equity Group of Michigan, LLC.",equitygroupmi.com,Blocked by bot protection
erafowler.com,erafowler.com,Thin / JS-only site
"Esquire Partners, Inc.",esqpartners.com,Thin / JS-only site
Estabrook LP,estabrookpartners.com,Blocked by bot protection
Ethos Financial Group,ethosfg.com,Blocked by bot protection
Europefa Parteniares,europefa.com,Thin / JS-only site
EvergreenGold Business Brokers & Advisors,evergreengold.com,Thin / JS-only site
Evolution Media Capital (EMC),evolutionmedia.com,Thin / JS-only site
Wise & Associates Real Estate,ewiese.com,Thin / JS-only site
EWM Realtors,ewm.com,Blocked by bot protection
excelcapitaladvisors.com,excelcapitaladvisors.com,Thin / JS-only site
Exit Plan Specialist,exitplanspecialist.com,Thin / JS-only site
Exit Brokers,exitpros.com,Thin / JS-only site
Exvere,exvere.com,Thin / JS-only site
EZ Business Advisors,ezbusinessadvisors.com,Thin / JS-only site
Ez Energy Solution,ezenergysolution.com,Thin / JS-only site
Falcon Fulfillment,falconfulfillment.com,Blocked by bot protection
farlieturner.com,farlieturner.com,Thin / JS-only site
"FarVision Consulting, Inc.",farvisionconsulting.com,Thin / JS-only site
Fazzari Partners,fazzaripartners.com,Thin / JS-only site
Flaherty Capital Markets,fcmib.com,Thin / JS-only site
Fdfbiz,fdfbiz.com,Thin / JS-only site
Fideles,fideles.capital,Thin / JS-only site
Fidelis Advisors,fidelismn.com,Blocked by bot protection
Fiduciary Trust International,fiduciarytrust.com,Thin / JS-only site
Final Ascent,finalascent.com,Thin / JS-only site
finecommercialproperty.com,finecommercialproperty.com,Thin / JS-only site
finprocapitaladvisors.com,finprocapitaladvisors.com,Thin / JS-only site
finra.org,finra.org,Blocked by bot protection
Ecom Vest,firmenabc.at,Thin / JS-only site
FirstCase,firstcaseconsulting.com,Thin / JS-only site
First Midwest Advisors,firstmidwestadvisors.com,Blocked by bot protection
"FitzGibbon Alexander, Inc",fitzgibbonalexander.com,Thin / JS-only site
flashcnc.com,flashcnc.com,Thin / JS-only site
FL Buy and Sell,flbuyandsell.com,Thin / JS-only site
"Fleming Mergers & Acquisitions, LLC",flemingma.com,Thin / JS-only site
Focus Strategies Investment Banking,focus-strategies.com,Thin / JS-only site
focusbankers.com,focusbankers.com,Blocked by bot protection
FOCUS,focuscapital.ie,Blocked by bot protection
Fortunet,fortunet.net,Thin / JS-only site
Foundations Design,foundationsllc.com,Blocked by bot protection
Foxcode,foxcode.com,Thin / JS-only site
FranBizNetwork,franbiznetwork.com,Thin / JS-only site
franchises2buy.net,franchises2buy.net,Thin / JS-only site
Franprise Advisors,franprise.com,Thin / JS-only site
Frederick Capital Corporation,frederickcapital.com,Thin / JS-only site
Freight Mergers,freightmergers.com,Thin / JS-only site
Front Runner Consulting,frontrunnerconsulting.com,Blocked by bot protection
ftci.com,ftci.com,Thin / JS-only site
Full Bloom CFO,fullbloomcfo.com,Thin / JS-only site
Georgia Business Brokers,gabusinessbrokers.com,Thin / JS-only site
Galway Capital,galwaygroup.com,Thin / JS-only site
gassec.com,gassec.com,Thin / JS-only site
Gateway Business Advisors,gatewaybusinessadvisors.com,Thin / JS-only site
Schwartz & Co.,gjsco.com,Blocked by bot protection
GLBA Business Advisors brokered by eXp Commercial,glbainc.com,Thin / JS-only site
"Gruppo, Levey & Co",glconline.com,Thin / JS-only site
Glenthorne Capital,glenthornecapital.com,Thin / JS-only site
GlobalBizM,globalbizm.com,Thin / JS-only site
GlobalBX,globalbx.com,Blocked by bot protection
globalgrowthpartners.com,globalgrowthpartners.com,Blocked by bot protection
Global Private Equity Group,globalpeg.com,Thin / JS-only site
go2advisor.com,go2advisor.com,Thin / JS-only site
Exio Group,goexio.com,Thin / JS-only site
Good Merger,goodmerger.com,Thin / JS-only site
Grand Avenue Brokers,grandavenueventures.com,Thin / JS-only site
Grandeur Peak Advisors,grandeurpeakglobal.com,Thin / JS-only site
Green Life Business,greenlifebusiness.com,Thin / JS-only site
"Growthpoint Technology Partners, Llc",growthpoint.com,Blocked by bot protection
GPS,growthwithgps.com,Thin / JS-only site
GTCR,gtcr.com,Blocked by bot protection
gte.net,gte.net,Thin / JS-only site
"Business Opportunities, Inc.",gulfcoastbizbuysell.com,Thin / JS-only site
"Gulfstream Realty Services, Inc.",gulfstreamrealty.biz,Thin / JS-only site
harborridgelp.com,harborridgelp.com,Thin / JS-only site
hartfordsafelock.com,hartfordsafelock.com,Thin / JS-only site
havencapadvisors.com,havencapadvisors.com,Thin / JS-only site
Headwaters MB,headwatersmb.com,Thin / JS-only site
HedgeStone,hedgestone.com,Thin / JS-only site
heidisheffllc.com,heidisheffllc.com,Thin / JS-only site
heightsfg.com,heightsfg.com,Blocked by bot protection
Helm Capital,helmcapital.com,Thin / JS-only site
"Herron & Associates, LLC",herronllc.com,Thin / JS-only site
Hines,hines.com,Blocked by bot protection
"Hines & Associates, Inc",hinesbbcre.com,Thin / JS-only site
Hoesly and Co.,hoesly.com,Thin / JS-only site
H&Q Advisory Partners,hqadvisorypartners.com,Thin / JS-only site
Health Stream Ventures,hsvllc.com,Thin / JS-only site
hughesproperties.com,hughesproperties.com,Thin / JS-only site
hundredx.com,hundredx.com,Blocked by bot protection
huttnergroup.com,huttnergroup.com,Thin / JS-only site
iag-service.com,iag-service.com,Thin / JS-only site
IAG M&A Advisors,iagmerger.com,Thin / JS-only site
ialtotalsecurity.com,ialtotalsecurity.com,Thin / JS-only site
IBEX,ibectx.com,Blocked by bot protection
icassetmanagement.com,icassetmanagement.com,Thin / JS-only site
Iliant Capital,iliant.com,Thin / JS-only site
Impact Acquisition,impactacquisition.com,Thin / JS-only site
Impala Asset Management,impalafunds.com,Thin / JS-only site
SearchHounds,incipiollc.com,Thin / JS-only site
indivisible.com,indivisible.com,Blocked by bot protection
Initium,initium.com,Thin / JS-only site
Innovatus Group Inc.,innovatusgroupinc.com,Thin / JS-only site
Insight Investment Partners,insightinvestmentpartners.com,Thin / JS-only site
Integra Business Brokers,integrabrokers.com,Thin / JS-only site
Integrity Square,integritysq.com,Thin / JS-only site
Intelligent Capital,intelligentcapital.com,Thin / JS-only site
interchange.ubc.ca,interchange.ubc.ca,Thin / JS-only site
interinvestments.com,interinvestments.com,Blocked by bot protection
"Intuition Enterprise, Inc",intuitionenterprise.com,Thin / JS-only site
Investec,investec.com,Blocked by bot protection
"Invictus Consultants, LLP",invictusllp.com,Thin / JS-only site
Island Business & Commercial Brokerage,islandbusinessbrokers.com,Thin / JS-only site
WISP Broker,ispadvisor.com,Thin / JS-only site
iWest,iwest.com,Thin / JS-only site
"Janko Realty & Development, LLC",jankorealty.com,Thin / JS-only site
Jason Brice Business Broker,jason-brice.com,Thin / JS-only site
J Courtney Brokerage,jcourtneybrokerage.com,Thin / JS-only site
J DeMar Consulting,jdemarconsulting.com,Thin / JS-only site
JD Ford,jdford.com,Thin / JS-only site
jegiclarity-us.com,jegiclarity-us.com,Thin / JS-only site
Jericho Capital Asset Management L.P.,jerichocap.com,Thin / JS-only site
jgunnar.com,jgunnar.com,Thin / JS-only site
Jordan Ricardo Tovar P.L.,jnrcpa.com,Thin / JS-only site
joemendozateam.com,joemendozateam.com,Thin / JS-only site
My Site 2,johnstoncap.com,Thin / JS-only site
Joseph P Mangione,jpmangione.com,Thin / JS-only site
J.P. Turner,jpturner.com,Thin / JS-only site
jsacher.com,jsacher.com,Thin / JS-only site
JSB - Partners,jsb-partners.com,Thin / JS-only site
Julie Bergman Group,juliebergmangroup.com,Thin / JS-only site
J. & W. Seligman & Co,jwseligman.com,Thin / JS-only site
Keiter Advisors,keitercpa.com,Blocked by bot protection
Kelly Right Real Estate,kellyright.com,Blocked by bot protection
Key Business Brokers,keybusinessbrokers.net,Thin / JS-only site
keyes.com,keyes.com,Thin / JS-only site
Kidz Academy,kidzacademynm.com,Thin / JS-only site
Kline Hill,klinehill.com,Blocked by bot protection
Korus Partners,korusfa.com,Blocked by bot protection
Kruse Acquisitions LLC,kruseacquisitions.com,Blocked by bot protection
KSV Global,ksvglobal.com,Thin / JS-only site
Kuhns Brothers,kuhnsbrothers.com,Thin / JS-only site
Keller Williams Realty,kw.com,Blocked by bot protection
Kylin Fund,kylinfund.com,Thin / JS-only site
Laany LLC,laany.com,Thin / JS-only site
LA Business Pros,labusinesspros.com,Thin / JS-only site
"Lakeshore Food Advisors, LLC",lakeshorefoodadvisors.com,Thin / JS-only site
Larkspur Business Brokers,larkspurbrokers.com,Thin / JS-only site
larkspurbusinessbrokers.ca,larkspurbusinessbrokers.ca,Thin / JS-only site
Laux & Company,lauxco.com,Thin / JS-only site
Leopard Business,leopardbiz.com,Thin / JS-only site
eTime Solutions Business Sales,lesliehorton.com,Thin / JS-only site
Liberator,liberatorbiz.com,Thin / JS-only site
Lightning Rod Capital,lightningrodcapital.com,Thin / JS-only site
liontreeadvisors.com,liontreeadvisors.com,Thin / JS-only site
lock9g.com,lock9g.com,Thin / JS-only site
locks4guns.com,locks4guns.com,Thin / JS-only site
locksmithfreeport.com,locksmithfreeport.com,Thin / JS-only site
lonestarconsultancy.com,lonestarconsultancy.com,Thin / JS-only site
Long Arc Capital,longarc.com,Thin / JS-only site
Lonsford Financial,lonsfordfinancial.com,Thin / JS-only site
lpsecurity.com,lpsecurity.com,Thin / JS-only site
LW Asesores de Inversiones,lwadi.com,Thin / JS-only site
lyricalpartners.com,lyricalpartners.com,Thin / JS-only site
M Commercial,m-commercial.com,Thin / JS-only site
BizBuySell Consulting,m2bpathways.com,Thin / JS-only site
mabusinessbrokers.com,mabusinessbrokers.com,Thin / JS-only site
Madison Street Capital,madisonstreetcapital.com,Thin / JS-only site
Magnusson Capital,magnussoncapital.com,Thin / JS-only site
managementplanning.com,managementplanning.com,Thin / JS-only site
Manna Tree,mannatreepartners.com,Thin / JS-only site
Mape Consulting,mapeconsult.com,Thin / JS-only site
Maple Capital Management,maplecapital.com,Thin / JS-only site
Marathon Business Advisory Services,marathonadv.com,Blocked by bot protection
marathonbas.com,marathonbas.com,Thin / JS-only site
"Market Street Capital, Inc.",marketstreetcp.com,Blocked by bot protection
Markoa,markoa.com,Thin / JS-only site
Mark S. Mueller,marksmueller.com,Thin / JS-only site
Chad Massaker LLC,massaker.org,Thin / JS-only site
Massop Group Inc,massopgroup.com,Thin / JS-only site
maxdg.com,maxdg.com,Thin / JS-only site
Maxima Divestitures Group,maximadivestitures.com,Thin / JS-only site
Maxit Capital,maxitcapital.com,Thin / JS-only site
MBAid,mbaid.com,Thin / JS-only site
"Merrimack Business Appraisers, LLC",mbappraisers.com,Thin / JS-only site
McCafferty & Company,mccaffertyco.com,Thin / JS-only site
Mediabridge Capital,mediabridgecap.com,Thin / JS-only site
"Media Mergers - Grimes, McGovern & Associates",mediamergers.com,Thin / JS-only site
Menlo Business Brokerage,menlobusinessbrokers.com,Blocked by bot protection
Merritt Healthcare Advisors,merrittadvisory.com,Thin / JS-only site
Metro Investment Bankers,metroib.com,Thin / JS-only site
mhabeeb.com,mhabeeb.com,Thin / JS-only site
Miami Business Advisors,miamiba.com,Blocked by bot protection
Marc sacheli,miamisa.com,Thin / JS-only site
microtech.com,microtech.com,Thin / JS-only site
Mid-Market Securities LLC,mid-marketsecurities.com,Thin / JS-only site
"Midtown Partners & Co., LLC",midtownpartners.com,Thin / JS-only site
Millennium Capital Partners,millenniumcapital.us,Thin / JS-only site
Miwa Associates LLC,miwassociates.com,Blocked by bot protection
mmg.us,mmg.us,Thin / JS-only site
mokadvisors.com,mokadvisors.com,Thin / JS-only site
Monadnock Advisors,monadnockadvisors.net,Thin / JS-only site
Montgomery Consulting,montgomeryconsultinggroup.com,Thin / JS-only site
morrisseygoodale.com,morrisseygoodale.com,Blocked by bot protection
Mountaineer Partners,mountaineerpartners.com,Thin / JS-only site
MPI - Business Valuation & Advisory,mpival.com,Thin / JS-only site
MRG REALTY ADVISORS LLC,mrgrealtydfw.com,Thin / JS-only site
MSG Securities,msgsecurities.com,Thin / JS-only site
MT Consulting,mtbizbrokers.com,Thin / JS-only site
murphybank.com,murphybank.com,Blocked by bot protection
myexitbroker.com,myexitbroker.com,Thin / JS-only site
myperiperi.com,myperiperi.com,Blocked by bot protection
mysunbeltnetwork.com,mysunbeltnetwork.com,Blocked by bot protection
NAI Capital,naicapital.com,Thin / JS-only site
National Business Acquisition,nationalbusacq.com,Thin / JS-only site
National Concrete Preservation,nationalconcrete.net,Thin / JS-only site
National Restaurant Properties,nationalrestaurantproperties.com,Thin / JS-only site
National SchoolTransfer,nationalschooltransfer.com,Thin / JS-only site
Nationwide Brokerage Group,nationwidebgny.com,Thin / JS-only site
ncbabroker.com,ncbabroker.com,Thin / JS-only site
New Concept Realty,ncrfirm.com,Blocked by bot protection
Near Earth LLC,nearearthllc.com,Blocked by bot protection
neatlandservices.com,neatlandservices.com,Thin / JS-only site
Nelms Hospitality Brokerage,nelmshospitality.com,Thin / JS-only site
netw1.com,netw1.com,Thin / JS-only site
Belltree LLC Business Brokers and Real Estate,nevadacommercialsales.com,Thin / JS-only site
"NewGate Capital Partners, LLC",newgatecapitalpartners.com,Thin / JS-only site
New Rhein Healthcare Investors,newrhein.com,Thin / JS-only site
NextPower Capital,nextpowercapital.com,Thin / JS-only site
nexusbrokerage.com,nexusbrokerage.com,Thin / JS-only site
Nieko Gloss Group,niekogloss.com,Thin / JS-only site
NjBizBuySell,njbizbuysell.com,Thin / JS-only site
norcalgold.com,norcalgold.com,Thin / JS-only site
Northern Arizona Business Brokers,northernazbusinessbrokers.com,Thin / JS-only site
Northern Arizona Real Estate Investments,northernazinvestments.com,Thin / JS-only site
North South Capital LLC,northsouthcap.com,Thin / JS-only site
nybbb.us,nybbb.us,Thin / JS-only site
NY State MLS,nystatemls.com,Blocked by bot protection
Oak Capital Advisors,oakcapitaladvisors.net,Thin / JS-only site
oaktoncapital.com,oaktoncapital.com,Thin / JS-only site
oathadv.com,oathadv.com,Thin / JS-only site
Ocala Business Brokers Inc,ocalabb.com,Thin / JS-only site
Occams Capital Partners,occamscapital.com,Thin / JS-only site
Ocean Bridge Capital,oceanbridgecapital.com,Thin / JS-only site
oceanlane.com,oceanlane.com,Thin / JS-only site
Ocean Tomo,oceantomo.com,Blocked by bot protection
Office Network USA,officenetworkusa.com,Thin / JS-only site
Impact Advisors,ofimpactadvisors.com,Thin / JS-only site
Oklahoma Corporate Acquisitions,okcorporate.com,Thin / JS-only site
OLD Inc.,oldinc.net,Thin / JS-only site
Olympia Partners,olympia-partners.com,Thin / JS-only site
One stop capital,onestopcap.com,Blocked by bot protection
OWN Realty,oneworldnetwork.com,Blocked by bot protection
opco.com,opco.com,Thin / JS-only site
OpnRoad,opnroad.io,Thin / JS-only site
Opportunify,opportunify.it,Thin / JS-only site
ORO Medaesthetic,oromb.com,Thin / JS-only site
OVERCREST CAPITAL ADVISORS,overcrest.com,Thin / JS-only site
The Oxford Highland Group,oxfordhighland.com,Blocked by bot protection
paccombrokers.com,paccombrokers.com,Thin / JS-only site
Pacific Business Exchange,pacificbusinessexchange.com,Thin / JS-only site
pacwest.com,pacwest.com,Blocked by bot protection
paddockcapitalmarkets.com,paddockcapitalmarkets.com,Thin / JS-only site
Palmares Advisors,palmaresadvisors.com,Thin / JS-only site
Palomino Capital LLC,palominocap.com,Thin / JS-only site
Pan American Finance,panamfinance.com,Blocked by bot protection
Parachute Exit,parachuteexit.com,Thin / JS-only site
parcaecapital.com,parcaecapital.com,Thin / JS-only site
Parcae Capital,parcaecapitalcorp.com,Thin / JS-only site
parker4you.com,parker4you.com,Thin / JS-only site
"Park Sutton Advisors, LLC",parksuttonadvisors.com,Thin / JS-only site
Pathway Partners,pathwaypartners.com,Thin / JS-only site
pbprimarycare.com,pbprimarycare.com,Thin / JS-only site
"Pedersen Consulting Group, Inc.",pcglkp.com,Thin / JS-only site
Pendo Advisors LLC,pendoadvisors.com,Blocked by bot protection
"Pension & Wealth Management Advisors, Inc.",pensionwealth.com,Thin / JS-only site
Performance Trust,performancetrust.com,Blocked by bot protection
Physician Growth Partners,physiciangrowthpartners.com,Blocked by bot protection
Pi Capital,picapital.global,Thin / JS-only site
Pillar Ascension Group | LPT Realty,pillarascensiongroup.com,Thin / JS-only site
Pinnacle Capital Corporation,pinnaclecapitalcorp.com,Thin / JS-only site
Pivotal Group,pivgroup.com,Thin / JS-only site
Pivot Capital LLC,pivotcapitalllc.com,Thin / JS-only site
Pixel Rocket,pixelrocketapps.com,Thin / JS-only site
PL Advisors,pl-advisors.com,Blocked by bot protection
Plutos Capital Group LLC,plutoscapital.com,Thin / JS-only site
"PMJ Group, LLC",pmjmergers.com,Thin / JS-only site
pontcvc.com,pontcvc.com,Thin / JS-only site
Ponterra Business Advisors,ponterra.com,Blocked by bot protection
PBBI Franchise,ppbi.com,Blocked by bot protection
Medical Practice Brokers,practicebrokers.com,Thin / JS-only site
Preferred Business Brokers,preferredbusinessbrokers.com,Thin / JS-only site
premiumagents.net,premiumagents.net,Thin / JS-only site
Premium Properties Real Estate Services,premiumproperties.com,Thin / JS-only site
Primary Capital LLC,primaryllc.com,Thin / JS-only site
Prime Capital,primecapital.info,Thin / JS-only site
Principium WhiteOak,principium-whiteoak.com,Thin / JS-only site
principiumgroup.com,principiumgroup.com,Thin / JS-only site
Procursum Medical,procursum.com,Thin / JS-only site
Pro Level Business,prolevelbusiness.com,Thin / JS-only site
Prolific Commercial Realty,prolificcommercial.com,Thin / JS-only site
Protelum Advisors,protelumadvisors.com,Thin / JS-only site
Punctuation.com,punctuation.com,Blocked by bot protection
PVB Advisors,pvbadvisors.com,Thin / JS-only site
Quantfin LLC,quantfinllc.com,Thin / JS-only site
Quantum Business Brokers,quantumbb.com,Thin / JS-only site
Quiet Light,quietlight.com,Blocked by bot protection
quietlightbrokerage.com,quietlightbrokerage.com,Blocked by bot protection
radiantbp.com,radiantbp.com,Thin / JS-only site
Rafael Zuzolo Realtor,rafaelzuzolorealtor.com,Blocked by bot protection
The Raine Group,raine.com,Blocked by bot protection
"RamBizGroup, LLC",rambizgroup.com,Blocked by bot protection
Randahl McKenzie,randahlmckenzie.com,Thin / JS-only site
"Range Light Capital, Inc.",rangelightcapital.com,Thin / JS-only site
RBC Capital Markets,rbccm.com,Blocked by bot protection
Diliberto Real Estate Services,realestateauctioninc.com,Thin / JS-only site
RE/MAX,realtecgroup.net,Blocked by bot protection
Redtail Partners,redtail-partners.com,Thin / JS-only site
regimentexpresschoose.org,regimentexpresschoose.org,Thin / JS-only site
reinvestcapital.com,reinvestcapital.com,Thin / JS-only site
remax.net,remax.net,Thin / JS-only site
Ridgecrest Capital Partners Inc,ridgecrestcap.com,Thin / JS-only site
riversedgealliance.com,riversedgealliance.com,Blocked by bot protection
RMR Wealth Builders,rmrwealth.com,Blocked by bot protection
Robbins Pellegrino,robbinspellegrino.com,Thin / JS-only site
Rockport Investment Partners,rockportinvestpartners.com,Thin / JS-only site
"ROI Cubed, LLC",roi-cubed.com,Thin / JS-only site
roimergers.com,roimergers.com,Blocked by bot protection
Route Advisors,routeadvisors.com,Thin / JS-only site
Royal Empire Realty,royalempirerealty.com,Blocked by bot protection
Royal LePage RCR Realty,royallepagercr.com,Blocked by bot protection
RTI Wealth,rtiwealth.com,Thin / JS-only site
saedlogroup.com,saedlogroup.com,Thin / JS-only site
safedecisions.com,safedecisions.com,Blocked by bot protection
SAG-US,sag-us.com,Thin / JS-only site
"Sage Canyon Advisors, LLC",sagecanyonllc.com,Thin / JS-only site
saicapital.us,saicapital.us,Thin / JS-only site
samnoriega.com,samnoriega.com,Thin / JS-only site
Sandstone Group,sandstone-group.com,Thin / JS-only site
SpringBoard Pool Route Brokers,sbpoolroutes.com,Thin / JS-only site
SCA Advisers,scaadvisers.com,Thin / JS-only site
Schick & Associates,schickassociates.com,Thin / JS-only site
Scorpion Holdings,scorpioncap.com,Thin / JS-only site
Scura Partners,scurapaley.com,Thin / JS-only site
seanalexander.net,seanalexander.net,Thin / JS-only site
Seaside Business Advisors,seasidebusinessadvisors.com,Thin / JS-only site
seaydevelopment.com,seaydevelopment.com,Blocked by bot protection
M&A Securities Group,securities-group.com,Thin / JS-only site
Seiler Tucker,seilertucker.com,Thin / JS-only site
"Select Business Group, Inc.",selectbg.com,Thin / JS-only site
Premier Route Consulting,sellmyroutes.com,Thin / JS-only site
Sentegrity Advisors,sentegrity-advisors.com,Thin / JS-only site
Sentinel Capital Partners,sentinelpartners.com,Thin / JS-only site
sepa.com,sepa.com,Thin / JS-only site
Sera Global,seraadvisory.com,Thin / JS-only site
Strategic Growth Advisors,sga.us.com,Blocked by bot protection
Sherry Capital Advisors,sherryadvisors.com,Thin / JS-only site
Simon Simon Real Estate,simonsimonrealestate.com,Thin / JS-only site
singh-capital.com,singh-capital.com,Thin / JS-only site
sisuequity.com,sisuequity.com,Thin / JS-only site
Sligo Strategies,sligostrategies.com,Thin / JS-only site
SLS Capital Advisors,slscapitaladvisors.com,Thin / JS-only site
sorfam.com,sorfam.com,Thin / JS-only site
Sounder Partners,sounderpartners.com,Thin / JS-only site
"Southeast Business Brokers, Inc.",southeastbb.com,Thin / JS-only site
South M&A Advisors,southfloridama.com,Thin / JS-only site
Spearhead,spearheadcorpdev.com,Thin / JS-only site
"The Spectrum Capital Group, L.L.C.",spectrumcapitalgroup.com,Thin / JS-only site
Spelody Capital,spelodycapital.com,Thin / JS-only site
"Steeplechase Advisors, LLC",steeplechasemn.com,Thin / JS-only site
Stern Brothers & Co.,sternbrothers.com,Thin / JS-only site
Stevenson & Company,stevensonco.com,Thin / JS-only site
Stillwater Capital Corporation,stillwatercapital.ca,Thin / JS-only site
Stone Tower Capital Group,stonetower-group.com,Thin / JS-only site
strategicbbgroup.com,strategicbbgroup.com,Thin / JS-only site
"Strategic Medical Brokers, LLC",strategicmedicalbrokers.com,Thin / JS-only site
"Business Brokerage Solutions, Inc.",straza.com,Thin / JS-only site
Strong Business Advisors,strongbusinessadvisors.com,Thin / JS-only site
Sugar Tree Capital,sugartreeib.com,Blocked by bot protection
SEPA,sullivanrpa.com,Thin / JS-only site
summitrealtygroup.com,summitrealtygroup.com,Blocked by bot protection
sunbadvisors.com,sunbadvisors.com,Thin / JS-only site
sunbelt-raleigh.com,sunbelt-raleigh.com,Thin / JS-only site
sunbeltbrokers.biz,sunbeltbrokers.biz,Thin / JS-only site
sunbeltedmonton.com,sunbeltedmonton.com,Thin / JS-only site
sunbeltofflorida.com,sunbeltofflorida.com,Blocked by bot protection
SunBridge M&A Advisors,sunbridgema.com,Thin / JS-only site
Sundial Partners,sundialpartners.com,Thin / JS-only site
Sun Mergers & Acquisitions,sunmerger.com,Thin / JS-only site
SureBridge Advisors,surebridgeadvisors.us,Thin / JS-only site
SVBusinessBroker,svbusinessbroker.com,Blocked by bot protection
"Sword, Rowe & Company",swordrowe.com,Thin / JS-only site
talbottadvisory.com,talbottadvisory.com,Thin / JS-only site
Tavisola & Associates Team,tavisola.com,Thin / JS-only site
Taylor-DeJongh,taylor-dejongh.com,Thin / JS-only site
"Turner Business Appraisers, Inc.",tba1.net,Thin / JS-only site
TechnologyPark,techparkapts.com,Blocked by bot protection
tenet-partners.com,tenet-partners.com,Thin / JS-only site
Terra Ceia Capital,terraceiahq.com,Thin / JS-only site
Terry Monroe,terrymonroe.com,Thin / JS-only site
Texas Business Buyers,texasbusinessbuyers.com,Blocked by bot protection
TGP Securities Inc,tgpsecurities.com,Thin / JS-only site
The Kinetic Group,the-kinetic-group.com,Thin / JS-only site
The Bradley Business Group,thebbg.com,Thin / JS-only site
Bulldog Law Firm,thebulldog.law,Blocked by bot protection
thefirmadvisor.com,thefirmadvisor.com,Thin / JS-only site
The Garner Group,thegarnergrp.com,Thin / JS-only site
The Law Practice Exchange,thelawpracticeexchange.com,Thin / JS-only site
The Legacy Athlete,thelegacyathlete.com,Thin / JS-only site
theloyaltybusinessbrokers.com,theloyaltybusinessbrokers.com,Thin / JS-only site
The Miami Business Broker,themiamibusinessbroker.com,Blocked by bot protection
The NEO Team,theneoteam.com,Blocked by bot protection
theschmitz.com,theschmitz.com,Thin / JS-only site
The Silva Group LLC,thesilvagroupvt.com,Blocked by bot protection
Talent Connector,thetalentedco.com,Thin / JS-only site
The Tiffin Group LLC,thetiffingroup.com,Thin / JS-only site
Third Bench,thirdbench.com,Thin / JS-only site
Third Gear Investments,thirdgearinvestments.com,Thin / JS-only site
Threadstone Advisors,threadstonelp.com,Thin / JS-only site
Threshold Partners;Gammon Miller & Gammon Miller Revenue Travel,thresholdpartners.com,Blocked by bot protection
Thunder Rock Capital,thunderrockcapital.com,Blocked by bot protection
Tigress Financial Partners,tigressfp.com,Thin / JS-only site
timcurren.com,timcurren.com,Thin / JS-only site
tinazeng.com,tinazeng.com,Thin / JS-only site
Titan - Avery Holdings,titanholding.us,Thin / JS-only site
TMG Capital Partners,tmgcap.com,Thin / JS-only site
Tomer Capital,tomercapital.com,Thin / JS-only site
toplockny.com,toplockny.com,Thin / JS-only site
Tounge Associates,toungeassociates.com,Thin / JS-only site
toxhg.com,toxhg.com,Blocked by bot protection
tracenchase.com,tracenchase.com,Thin / JS-only site
Trackhawk Advisors,trackhawkadvisors.com,Thin / JS-only site
Transcon Conveyor,transconinc.com,Blocked by bot protection
"Transition360, LLC",transition360.com,Thin / JS-only site
Transition Consultants,transitionconsultants.com,Thin / JS-only site
Transitions Business Brokers,transitionsbb.ca,Thin / JS-only site
"Maine Business Advisors, LLC",transworldcre.com,Blocked by bot protection
"Tri-State Business Brokers, LLC",tri-statebb.com,Thin / JS-only site
Trident World Ventures,tridentworldventures.com,Thin / JS-only site
Trifecta Commercial Services brokered by EXP Commercial,trifectacommercialservices.com,Thin / JS-only site
"TriPoint Global Equities, LLC",tripointglobalequities.com,Thin / JS-only site
True North M&A,truenorthma.ca,Thin / JS-only site
truforte.com,truforte.com,Blocked by bot protection
Truforte Business Group,trufortebusinessgroup.com,Blocked by bot protection
Southwest Business Brokerage LLC,tucsonbusinessbroker.com,Thin / JS-only site
"Tudor, Pickering, Holt & Co.",tudorpickering.com,Thin / JS-only site
BFS Realty Group Inc,tuinversionenus.com,Blocked by bot protection
Turner Butler,turnerbutler.co.uk,Thin / JS-only site
"Tusk Capital Advisors, LLC",tuskcapitaladvisors.com,Thin / JS-only site
TVI Capital,tvicapital.com,Thin / JS-only site
Twelve Oaks Partners,twelveoakspartners.com,Thin / JS-only site
Transworld Business Advisors,tworld.com,Blocked by bot protection
tworld.com.au,tworld.com.au,Blocked by bot protection
tworldco.com,tworldco.com,Blocked by bot protection
tworldma.com,tworldma.com,Blocked by bot protection
ubgre.com,ubgre.com,Thin / JS-only site
ubgrealestate.com,ubgrealestate.com,Thin / JS-only site
uct.com,uct.com,Blocked by bot protection
Udu,udu.co,Blocked by bot protection
ufgcorp.com,ufgcorp.com,Blocked by bot protection
Upward Exits,upwardexits.com,Thin / JS-only site
urbancharters.com,urbancharters.com,Thin / JS-only site
US Strategic Capital,usstrategiccapital.com,Thin / JS-only site
UVW,uvwinc.com,Thin / JS-only site
Valar Advisory,valaradvisory.com,Thin / JS-only site
Valar Brokers,valarbrokers.com,Thin / JS-only site
ValueCap Inc.,valuecapinc.com,Thin / JS-only site
ValueVisor LLC,valuevisor.com,Thin / JS-only site
"Valufinder Group, Inc.",valufindergroup.com,Blocked by bot protection
Vantage Investment Banking,vantageinvb.com,Thin / JS-only site
Vantage Commercial,vantageres.com,Thin / JS-only site
Veld Mergers & Acquisitions,veldma.com,Thin / JS-only site
vendstream.com,vendstream.com,Thin / JS-only site
venturebus.com,venturebus.com,Thin / JS-only site
Venture Advisors Business Sales & Acquisitions,ventureibg.com,Thin / JS-only site
Vesta Partners,vesta-partners.com,Thin / JS-only site
VeteransAnchor Inc.,veteransanchor.com,Thin / JS-only site
vetsales.email,vetsales.email,Thin / JS-only site
Viant Group,viantgroup.com,Thin / JS-only site
vpbusbrokersco.com,vpbusbrokersco.com,Blocked by bot protection
VP Business Brokers of Colorado,vpveterinaryadvisors.com,Blocked by bot protection
wagnerbb.com,wagnerbb.com,Thin / JS-only site
Wagner Realty,wagnerrealty.com,Thin / JS-only site
Waller Helms,wallerhelms.com,Thin / JS-only site
Walnut Creek Business Brokers,walnutcreekbusinessbrokers.com,Thin / JS-only site
waratahcap.com,waratahcap.com,Thin / JS-only site
"Welsh, Carson, Anderson & Stowe",wcas.com,Thin / JS-only site
Wealthyer,wealthyer.com,Thin / JS-only site
wealthyer.io,wealthyer.io,Thin / JS-only site
Weinberg Capital Group,weinbergcap.com,Thin / JS-only site
We Sell Construction Businesses,wesellconstructionbusinesses.com,Thin / JS-only site
West End Capital and Advisory,westendca.com,Thin / JS-only site
westpropertymanagement.net,westpropertymanagement.net,Blocked by bot protection
White Oak Capital Partners,whiteoak-cap.com,Thin / JS-only site
White Rock Capital Partners,whiterockcapitalpartners.com,Thin / JS-only site
White Tiger Connections,whitetigerconnections.com,Thin / JS-only site
"Wiley & Associates, Inc.",wiley-associates.com,Thin / JS-only site
Wilshire Consultants,wilshirecon.com,Thin / JS-only site
Windstream Capital,windstreamcapital.com,Thin / JS-only site
Wispbroker,wispbroker.com,Thin / JS-only site
Woodstone Associates,woodstonebrokerage.com,Thin / JS-only site
wordstream.com,wordstream.com,Blocked by bot protection
Wilkinson Project Group,wpgltd.com,Thin / JS-only site
wyseadvisorsllc.com,wyseadvisorsllc.com,Thin / JS-only site
yacapital.com,yacapital.com,Blocked by bot protection
Your Biz Rep,yourbizrep.com,Thin / JS-only site
zarrugh.com,zarrugh.com,Thin / JS-only site
The Zenith Group,zenithrealtor.com,Thin / JS-only site
ZUS Capital Group,zusgroup.com,Thin / JS-only site
